"Monday, January 1, 2024",Keep Live Music Alive In Stoke On Trent And Surrounding Areas,,,https://www.facebook.com/groups/111164642295828,,
2/1/2024,You Can Add Your Own Gigs By Clicking Gig List Form Below,,,,,
Date,Artist,Venue,Start time,Description,Links,
"Saturday, October 18, 2025",Albie solo singer,The corner pin Adderley green ,8pm ,Mixed covers up beat ,,
"Saturday, October 18, 2025",Catalyst,"Waggon & Horses , Newcastle",9pm,Covers 60s - 20s,Catalyst Facebook page,
"Saturday, October 18, 2025",Circa 81,"Middlewich Royal British Legion, Middlewich",8pm,,,
"Saturday, October 18, 2025",Cover Story,The Swan Stone,10:00:00 PM,,,
"Saturday, October 18, 2025",Craig Harrison ,"The Bulldog, Anchor Terrace, Longton ",8.30pm ,"Icons and Anthems show. Oasis, Stereophonics, Killers, Kings of Leon, Sam Fender ",,
"Saturday, October 18, 2025",Cyril’s Allstars,"The Cosey Club, Haslington",,,,
"Saturday, October 18, 2025",Danny Brab,"Jolly Potters, Hartshill",5:30pm,"Indie, Britpop and US alternative scene ",,
"Saturday, October 18, 2025",Danny Brab ,"Moorlands Inn, Burslem ",8:30pm,"Indie, Britpop and US Alternative scene",,
"Saturday, October 18, 2025",Eddie Lees Back to Back ,The Ash Inn  Mow Cop,9 pm,60s and 70s Rock and Roll ,,
"Saturday, October 18, 2025",Electrifying 80s,"Swiftys, Meir",9pm,80s,https://fb.me/e/50ubWeGE9,
"Saturday, October 18, 2025",Martin McAloon - Steve McQueen 40th Anniversary,"Artisan Tap, Hartshill, Stoke-On-Trent",7:30 PM,,,
"Saturday, October 18, 2025",Notorious 80’s,"The Green Star, Smallthorne",9pm,80’s,,
"Saturday, October 18, 2025",Paul Gibson,Black Lion Trent Vale,9.30 pm,,,
"Saturday, October 18, 2025",Raw Talent ,"The Broughton, Haslington ",9pm,Classic Rock ,,
"Saturday, October 18, 2025",Rewired,The Malbank,7:12 AM,Pop/rock covers,,
"Saturday, October 18, 2025",Sac N Craic ,Black Cock Blythe Bridge ,8-30pm,Folk,,
"Saturday, October 18, 2025",Sinpusher ,"Potters bar, Meir park,s o t",9pm,Classic rock,,
"Saturday, October 18, 2025",So Oasis,The Old Post Office,£5 TICKETS,,,
"Saturday, October 18, 2025",Tanky/Electrifying 80's ,"Swiftys Bar, The Former Library, Sandon Road, Meir Stoke on Trent, ST3 7DJ",9PM,80's Pop Music ,https://www.facebook.com/share/19m923gxw2/,
"Saturday, October 18, 2025",The Fleetwood Mac Songbook ,Eleven Sandyford St6 5pd,£18.00 adv,,,
"Saturday, October 18, 2025",The VANZ ROXX,"Ashwood, Longton",9.30pm,ROCK,,
"Saturday, October 18, 2025",Under the Influence ,Old Sal saxonfields longton ,9pm,Classic rock covers ,,
"Sunday, October 19, 2025","Anti-Meta, Glass Atlas, Suicide Samurai ","The Rigger Venue, Newcastle-under-lyme ST5 1BT ",7pm,"Rock, metal ",https://facebook.com/events/s/electric-mayhem-the-rigger/821155737235377/,
"Sunday, October 19, 2025",Danny Brab (acoustic afternoon),"Terrace, Stoke",6:30pm,Various Artists,,
"Sunday, October 19, 2025",Grace,"Artisan Tap, Hartshill, Stoke-On-Trent",20:00,,,
"Sunday, October 19, 2025",Liv Tyde,Goldenhill Club,3:30pm,Mixed,,
"Sunday, October 19, 2025",Recall,Norton Central Social Club ,"3pm, free entry, all welcome",,,
"Sunday, October 19, 2025",Rob Heron & The Tea Pad Orchestra,"Artisan Tap, Hartshill, Stoke-On-Trent",13:30,,,
"Sunday, October 19, 2025",Sac N Craic ,Crown N Thistle Kidsgrove ,5pm,Folk,,
"Sunday, October 19, 2025",The Pluckers ,"Foaming Quart, Norton Green ",5pm ,Folk / Pop covers and originals ,,
"Tuesday, October 21, 2025",Jane and the Hurricanes,The Glebe Stoke,,,,
"Tuesday, October 21, 2025",Jane And The Hurricanes,"The Glebe, Stoke",9.00 pm,Electric Blues and R'n'B,,
"Thursday, October 23, 2025",Dreams Of Delvaux + Disastrous Robots,"Artisan Tap, Hartshill, Stoke-On-Trent",19:30,,,
"Thursday, October 23, 2025",Good Habits,The Swan Stone,9.30PM,,,
"Thursday, October 23, 2025",Spear of Destiny ,The Rigger Venue ,7pm,Rock,https://www.facebook.com/share/1BNXn88nHX/,
"Thursday, October 23, 2025",The Hot One Two + Guests ,Eleven Sandyford St6 5pd,£12.00 adv,,,
"Friday, October 24, 2025",Eaton Park,"The Cosey Club, Haslington",,,,
"Friday, October 24, 2025",Foo Fighters GB ,Eleven Sandyford St6 5pd,£15.00 adv,,,
"Friday, October 24, 2025",Jax On Jovi,Moorland Inn,8.30pm,Bon Jovi Tribute,,
"Friday, October 24, 2025",Joey Linden as Freddie Mercury ,The Winking man ,8.30pm ,Pop rock,https://facebook.com/events/s/its-a-kinda-queen/753240244172243/,
"Friday, October 24, 2025",Mel & Dan,The Swan Stone,21:00,,,
"Friday, October 24, 2025",Motley Crude,"The Rigger, Newcastle, St5 1bt",8PM,Motley Crue Tribute,https://www.facebook.com/events/1986955431802872/,
"Friday, October 24, 2025",Rewired,"Swiftys, Meir",9pm,Rock,https://fb.me/e/6PvcAvVOd,
"Friday, October 24, 2025",Scott Lavene + crowspeak + Nick Degg,"Artisan Tap, Hartshill, Stoke-On-Trent",19:30,,,
"Friday, October 24, 2025",Thunder Hammer,The Underground,£18 ADV / £22 OTD 7:30pm,,,
"Friday, October 24, 2025",VANZ Acoustic Duo - David & Andrea,Rose & Crown Biddulph Moor,8pm,Bluesy Funky Americana Rock,,
"Saturday, October 25, 2025",Arctic Stereo Killers,9pm,9pm,Indie rock,https://fb.me/e/7MuoD0bEQ,
"Saturday, October 25, 2025",C&C Duo,"The Wellington, Stoke",9pm,"Rock,  Pop & Indie",,
"Saturday, October 25, 2025",Circa 81,"The Shed, Maybank",8pm,,,
"Saturday, October 25, 2025",Classic Rockers Duo ,Woodman Hanley ,8pm,Classic rock n pop covers ,,
"Saturday, October 25, 2025",Double Lively,Moorland inn,8.30pm,Indie,,
"Saturday, October 25, 2025",Eddie Lees Back to Back ,The Dog and Rot. Leek ,9 pm,60s and 70s Rock and Roll ,,
"Saturday, October 25, 2025",Fat Lip,The Swan Stone,22:00,,,
"Saturday, October 25, 2025",Greg Murray & The Seven Wonders,"Artisan Tap, Hartshill, Stoke-On-Trent",19:30,,,
"Saturday, October 25, 2025",GUITAR MONKEY ,The Congress Longton ,9:30pm,Classic Rock ,,
"Saturday, October 25, 2025",Million Dreams 'The Greatest Showman',Norton Central Social Club ,"8pm, tickets £10",The Greatest Showman ,,
"Saturday, October 25, 2025",The Barflys ,Eleven Sandyford St6 5pd,£12.00 adv,,,
"Saturday, October 25, 2025",The Del Gatos,"The Linley Tavern, Alsager",9pm,Rock,,
"Saturday, October 25, 2025","The Fiend Club Band (Misfits Tribute), Broken 3 Ways, Rocket 69","The Rigger Venue, Newcastle-under-lyme ST5 1BT ",7:30pm,"Punk, ska punk",https://www.facebook.com/share/1BR4pPN8ud/,
"Saturday, October 25, 2025",The Greatest Showman Tribute,Norton Central Social Club ,"9pm, tickets £10",,,
"Saturday, October 25, 2025",The VANZ,Nantwich Club,9.15pm,Bluesy Funky Rock,,
"Saturday, October 25, 2025",Ultraviolet Band ,"The Beverley, Bentilee. ",9pm,"80s, 90s, and 00s. ",,
"Saturday, October 25, 2025",Xclusive,"The Cosey Club, Haslington",,,,
"Sunday, October 26, 2025",Anna Massie,"Artisan Tap, Hartshill, Stoke-On-Trent",19:30,,,
"Sunday, October 26, 2025",Cozyzone With The Endings,"The Cosey Club, Haslington",,,,
"Sunday, October 26, 2025",Craig Harrison ,"Ye Olde Manor Inne, Fenton ",From 3pm,Decades Show 80's through to the Noughties ,,
"Sunday, October 26, 2025",Jane And The Hurricanes,"Alexander's, Rufus Court, Chester",2.00 pm,Electric Blues and R'n'B,,
"Sunday, October 26, 2025",The Endings,"The Cosey Club, Haslington",,,,
"Sunday, October 26, 2025",The Vans (Duo) ,"Little Vic, 62 King Street, NUL, ST5 1HX ",6pm ,,,
"Sunday, October 26, 2025",VANZ Acoustic Duo - David & Andrea,"The Victoria, Little Vic, Newcastle under Lyme",6pm,Bluesy Funky Americana Rock,,
"Tuesday, October 28, 2025",Ash Wall's Halloween Hootenanny,The Glebe Stoke,,,,
"Thursday, October 30, 2025",Havoc Halloween,The Swan Stone,9.30pm,,,
"Friday, October 31, 2025",Alibi,"The Black Swan, Leek",9pm,Rock Covers ,,
"Friday, October 31, 2025",Ben Staz,Norton Central Social Club ,"9pm, free entry, all welcome",Halloween Fancy Dress,,
"Friday, October 31, 2025",Danny Brab & Friends ,"Pau Café, Trentham Estate ",7:30pm,Various ,,
"Friday, October 31, 2025",Halloween Party With Second City,"The Cosey Club, Haslington",,,,
"Friday, October 31, 2025",Hannah & Pete,The Swan Stone,21:00,,,
"Friday, October 31, 2025","Infirm of Purpose, King Abyss, Era's End ","The Rigger Venue, Newcastle-under-lyme ST5 1BT ",6:30pm,"Metal, rock, hardcore",https://www.facebook.com/share/1K2gtzYwzc/,
"Friday, October 31, 2025",Rachel Shenton Clubland,"Swiftys, Meir",9pm,"Halloween Rave, 90's clubland classics",https://fb.me/e/3FEf5jQvy,
"Friday, October 31, 2025",Second City,"The Cosey Club, Haslington",8pm,,,
"Friday, October 31, 2025",The Broadcasters,Prince of Wales Congleton,9:30pm,Classic Rock & Grunge,https://fb.me/e/1OUrCN3hEc,
"Friday, October 31, 2025",The Del Gatos (Halloween special),Alsager sports and social,9pm,,,
"Friday, October 31, 2025",The Eminem Tribute Show ,Eleven Sandyford St6 5pd,£15.00 adv,,,
"Friday, October 31, 2025",VANZ Acoustic Duo - Dave Cotterill & Andrea Harvey,Foundry Bar Congleton Market Quarter,8pm,Bluesy Funky Rock Americana,,
"Saturday, November 1, 2025",Aa Gig List Form,,,,,
"Saturday, November 1, 2025",Aa You Can Add Your Own Gigs By Clicking Gig List Form Above,,,,,
"Saturday, November 1, 2025",Circa 81,"The Clough Hall Pub, Kidsgrove",8pm,,,
"Saturday, November 1, 2025",Contraband ,Oakhill bowling club. St45nn. tickets/ on door ,9pm,Various. ,,
"Saturday, November 1, 2025",Happy Mondaze,"Artisan Tap, Hartshill, Stoke-On-Trent",19:30,,,
"Saturday, November 1, 2025",Mutton Dressed As Glam,"Swiftys, Meir",9pm,Glam rock,https://fb.me/e/4p9ME402Z,
"Saturday, November 1, 2025",Rocket Science ,"The Horn & Trumpet, Sneyd Green ",9pm,Rock & indie covers,,
"Saturday, November 1, 2025",SoOasis,Silverdale Athletic FC,10.00pm,,,
"Saturday, November 1, 2025",Stereotonics ,Eleven Sandyford St6 5pd,£15.00 adv,,,
"Saturday, November 1, 2025",The VANZ,"The Boulevard, Newcastle under Lyme",9.30pm,Bluesy Funky Rock & Pop Classics,,
"Saturday, November 1, 2025","Toxicity: A Post-Apocalyptic Halloween with Until 9, BYOB (System of a Down tribute)",The Rigger Venue ,7pm,Metal,https://www.facebook.com/share/1EYYmXvFdd/,
"Saturday, November 1, 2025",Tracy Taylor and the Resonators,Moorland Inn,8.30pm,Indie/rock,,
"Saturday, November 1, 2025",Trilogy Rock Band ,"The Black Cock, Blythe Bridge ",9pm,Classic Rock ,,
"Saturday, November 1, 2025",Under The Influence ,Congress Longton ,00:00,Classic rock n blues covers ,,
"Sunday, November 2, 2025",Absolva plus special guests,Eleven Sandyford St6 5pd, (doors 3-7pm). £12.00 adv,,,
"Sunday, November 2, 2025",Danny Brab,"Woodman, Hanley ",3pm,"Indie, Britpop and US alternative ",,
"Sunday, November 2, 2025",Jane and the Hurricanes,"The Bankers Draught, Leek",5pm,Rock/Blues/RnB,,
"Sunday, November 2, 2025",Kaspar Berry Rapkin & Lucy Piper,"Artisan Tap, Hartshill, Stoke-On-Trent",20:00,,,
"Sunday, November 2, 2025",Ritchie Dave Porter & Debra Susan,"Swiftys, Meir",6pm,"bluesy, country rock",https://fb.me/e/iXuTXYVbA,
"Tuesday, November 4, 2025",B.D. Lenz (with Jon Broberg),The Glebe Stoke,,,,
"Tuesday, November 4, 2025",Leaf,"The Rigger, Newcastle, St5 1bt",8pm,Grunge rock,https://www.facebook.com/share/1Bzk66vS6J/,
"Thursday, November 6, 2025",Mik Artistik's Ego Trip,"Artisan Tap, Hartshill, Stoke-On-Trent",8:00:00 PM,,,
"Friday, November 7, 2025",Danny Brab,"Pickled Pig, Stafford",6:30pm,"Indie, Britpop and US alternative scene ",,
"Friday, November 7, 2025",JOSH,"Swiftys, Meir",9pm,various,https://fb.me/e/2BaQf73TP,
"Friday, November 7, 2025",PINK with Vicky Jackson & her band ,Eleven Sandyford St6 5pd,£20.00 adv,,,
"Friday, November 7, 2025",The Ant Hill Mob,"The Cosey Club, Haslington",,,,
"Friday, November 7, 2025",The Orange Alert + Novelty Island,"Artisan Tap, Hartshill, Stoke-On-Trent",7:30:00 PM,,,
"Saturday, November 8, 2025",C&C Duo ,The Princess Royal,8.30pm,"Rock, Pop & Indie ",,
"Saturday, November 8, 2025",Circa 81,"The Shed, Maybank",8pm,,,
"Saturday, November 8, 2025",Craig Harrison ,Pool Dole In Fenton ,9pm,Decades Show. 80's through to the Noughties ,,
"Saturday, November 8, 2025",Crosshair,The Furlong Tavern,9pm,Hard Rock,https://www.facebook.com/events/1245764500550146/,
"Saturday, November 8, 2025",Eddie Lees Back to Back ,The Priory Leek,9 30pm ,60s and 70s Rock and Roll ,,
"Saturday, November 8, 2025",Fat Lip,"The Cosey Club, Haslington",,,,
"Saturday, November 8, 2025",John Sewell,"The Locomotive, Heren Cross",9pm,Acoustic Music Through the Eras ,,
"Saturday, November 8, 2025",Motorbeard,Eleven Sandyford St6 5pd, £12.00 adv,,,
"Saturday, November 8, 2025",Sac N Craic ,Hog Noggin Burslem,9pm,Folk,,
"Saturday, November 8, 2025",SoOasis,"Brown Jug, Newcastle",9pm,,,
"Saturday, November 8, 2025",The Pluckers ,"Charlie Bassett’s, Dilhorne ",8 30pm ,Covers and originals. ,,
"Saturday, November 8, 2025",Tourniquet,"Swiftys, Meir",9pm,pop rock,https://fb.me/e/6jGWnUWSG,
"Saturday, November 8, 2025",Tourniquet ,Swiftys Meir,9pm,Rock Covers,,
"Saturday, November 8, 2025",Trilogy Rock Band ,"The Globe, Tunstall",8:30pm,Classic Rock ,,
"Sunday, November 9, 2025",The Jim Kirkpatrick band + support ,Eleven Sandyford St6 5pd,(doors 2-6pm). £15.00 adv,,,
"Tuesday, November 11, 2025",Danny Shaw & Friends,The Glebe Stoke,,,,
"Wednesday, November 12, 2025",Danny Brab,"Shoulder, Fulford",8:30pm,"Indie, Britpop and US alternative scene ",,
"Friday, November 14, 2025",Bohemian Kings,"The Cosey Club, Haslington",,,,
"Friday, November 14, 2025",Counterfeit Quo.,Checkley Community Centre. St10 4nb ,Doors 8;30,Tribute. Status Quo.,F/B. Checkley Rockz.,
"Friday, November 14, 2025",Counterfeit Quo.  (Endorsed by Francis Rossi),Checkley Community centre.  ST10 4NB,Doors 8:30.  (24/7 tickets).,Status Quo  (tribute),F/B. Checkley Rockz.,
"Friday, November 14, 2025",Danny Brab,"Bakers Arms, Cheadle ",7:30pm,"Indie, Britpop and US alternative ",,
"Friday, November 14, 2025",Danny Brab,"Bakers Arms, Cheadle ",7:30pm,"Indie, Britpop and US alternative scene ",,
"Friday, November 14, 2025","Decibel Riot, Dark Root Falls, The Revenants","Artisan Tap, Hartshill",7pm,Hard Rock,https://www.facebook.com/share/p/1CJLTBHi1x/,
"Friday, November 14, 2025",Native Way,Granville's Stone,,,,
"Friday, November 14, 2025",Taylor Forevermore full band tribute to Taylor Swift,Eleven Sandyford St6 5pd,under 18's welcome with parent 1 under 18 per parent £15.00 adv,,,
"Friday, November 14, 2025",VANZ Acoustic Duo - Dave Cotterill & Andrea Harvey,"The Roebuck, Leek",9pm,Bluesy Funky Rock & Americana,,
"Friday, November 14, 2025",Walters & Bligh,"The Bridge Inn, Stone",8pm,Pop and Rock Acoustic,https://www.facebook.com/events/1935450493936751/?acontext=%7B%22event_action_history%22%3A[%7B%22extra_data%22%3A%22%22%2C%22mechanism%22%3A%22left_rail%22%2C%22surface%22%3A%22bookmark%22%7D%2C%7B%22extra_data%22%3A%22%22%2C%22mechanism%22%3A%22left_rail%22%2C%22surface%22%3A%22bookmark%22%7D%2C%7B%22extra_data%22%3A%22%22%2C%22mechanism%22%3A%22calendar_hosting_events_unit%22%2C%22surface%22%3A%22bookmark_calendar%22%7D]%2C%22ref_notif_type%22%3Anull%7D,
"Saturday, November 15, 2025",Bone China,"The Old Bulldog, ST3 1JR",9pm,Covers band,,
"Saturday, November 15, 2025",Circa 81,"The Waggon & Horses, Newcastle",8pm,,,
"Saturday, November 15, 2025",Classic Rockers duo ,Cheshire Cheese Hanley ,9pm,Classic rock n pop covers ,,
"Saturday, November 15, 2025",Crosshair,"The Potters Bar, Meir",9pm,Hard Rock,https://www.facebook.com/events/1290015662696794/,
"Saturday, November 15, 2025",Danny Brab,"Lord Combermere, Audlem",8:30pm,"Indie, Britpop and US alternative scene ",,
"Saturday, November 15, 2025",Fools' Messiah,"John Marston, Longton Hall Rd, Stoke.",9pm,Rock Covers with a difference!,,
"Saturday, November 15, 2025",Pretty Shivers,"Artisan Tap, Hartshill, Stoke-On-Trent",19:30,,,
"Saturday, November 15, 2025",Recall Duo,The Old Queen’s Head @ Talke ,9 pm,Rock Pop Motown Country,,
"Saturday, November 15, 2025",The Devout Depeche Mode tribute ,Eleven Sandyford St6 5pd,£16.00 adv,,,
"Sunday, November 16, 2025",Luke Combs UK matinee show ,Eleven Sandyford St6 5pd,3-8pm £22.00 adv,,,
"Sunday, November 16, 2025",Smokin Eskimo + Spirit Wagon,"Artisan Tap, Hartshill, Stoke-On-Trent",19:30,,,
"Sunday, November 16, 2025",VANZ Acoustic Duo - David & Andrea,"Bankers Draught, Leek",5pm,Bluesy Funky Rock n Roll Americana,,
"Tuesday, November 18, 2025",Front Page News,The Glebe Stoke,,,,
"Thursday, November 20, 2025",Blair Dunlop + Dave Burn,"Artisan Tap, Hartshill, Stoke-On-Trent",19:30,,,
"Thursday, November 20, 2025",Mark Stanways Kingdom of Madness ,Eleven Sandyford St6 5pd,£20.00 adv,,,
"Friday, November 21, 2025",ALIBI ,"Swifty's, Meir",9pm,Rock covers,,
"Friday, November 21, 2025",Beep Beep Yeah!,"Artisan Tap, Hartshill, Stoke-On-Trent",20:00,,,
"Friday, November 21, 2025",Crosshair,"The Terrace, Stoke",8pm,Hard Rock,https://www.facebook.com/events/1078727447781316/?acontext=%7B%22event_action_history%22%3A[%7B%22extra_data%22%3A%22%22%2C%22mechanism%22%3A%22left_rail%22%2C%22surface%22%3A%22bookmark%22%7D%2C%7B%22extra_data%22%3A%22%22%2C%22mechanism%22%3A%22left_rail%22%2C%22surface%22%3A%22bookmark%22%7D%2C%7B%22extra_data%22%3A%22%22%2C%22mechanism%22%3A%22calendar_hosting_events_unit%22%2C%22surface%22%3A%22bookmark_calendar%22%7D]%2C%22ref_notif_type%22%3Anull%7D,
"Friday, November 21, 2025",Danny Brab,"Crown Inn, Market Drayton",8:30pm,"Indie, Britpop and US alternative ",,
"Friday, November 21, 2025",Danny Brab,"Crown, Market Drayton",8:30pm,"Indie, Britpop and US alternative ",,
"Friday, November 21, 2025",David Live the David Bowie tribute show ,Eleven Sandyford St6 5pd,£18.00 adv,,,
"Friday, November 21, 2025",Raw Talent ,"The Broughton, Haslington ",9pm,Classic Rock,,
"Friday, November 21, 2025",The VANZ,"Bankers Draught, Leek",8pm,Bluesy funky rock & americana,,
"Friday, November 21, 2025",Tru80’s,"The Cosey Club, Haslington",,,,
"Saturday, November 22, 2025",Acoustic Anarchy ,Swifty's Meir ,9pm,Mixed,,
"Saturday, November 22, 2025",Circa 81,"Ye Old Queens Head, Talke",8pm,,,
"Saturday, November 22, 2025",Crosshair,"The Bridge Inn, Stone",8pm,Hard Rock,https://www.facebook.com/events/1078727447781316/?acontext=%7B%22event_action_history%22%3A[%7B%22extra_data%22%3A%22%22%2C%22mechanism%22%3A%22left_rail%22%2C%22surface%22%3A%22bookmark%22%7D%2C%7B%22extra_data%22%3A%22%22%2C%22mechanism%22%3A%22left_rail%22%2C%22surface%22%3A%22bookmark%22%7D%2C%7B%22extra_data%22%3A%22%22%2C%22mechanism%22%3A%22calendar_hosting_events_unit%22%2C%22surface%22%3A%22bookmark_calendar%22%7D]%2C%22ref_notif_type%22%3Anull%7D,
"Saturday, November 22, 2025",Danny Brab,"New Old Sal, Longton",9pm,"Indie, Britpop and US alternative scene",,
"Saturday, November 22, 2025",Demon + guests & our 9th birthday partay !! ,Eleven Sandyford St6 5pd,£18.00 adv,,,
"Saturday, November 22, 2025",John Sewell,"The Cuckoo, Stoke",8.15pm,Acoustic Music Through the Eras ,,
"Saturday, November 22, 2025",Sac N Craic ,Rose N Crown Stanley ,9pm,Folk,,
"Saturday, November 22, 2025",The Pluckers ,"The Windmill, Werrington ",9pm ,Acoustic Classics ,,
"Saturday, November 22, 2025",Ultimate Stone Roses,"Artisan Tap, Hartshill, Stoke-On-Trent",19:30,,,
"Sunday, November 23, 2025",Buffest  (doors 1-8pm)   £,Eleven Sandyford St6 5pd,15.00 adv,,,
"Sunday, November 23, 2025",John Otway Band,"Artisan Tap, Hartshill, Stoke-On-Trent",19:30,,,
"Tuesday, November 25, 2025",the MOB,The Glebe Stoke,,,,
"Friday, November 28, 2025",ALIBI ,"The Butcher's Arms, Forsbrook ",9pm,Rock covers,,
"Friday, November 28, 2025",Catalyst,"The Peel, Ashley",9pm,Covers 60s - 20s,Catalyst Facebook page,
"Friday, November 28, 2025",Circa 81,Swiftys Meir,8pm,,,
"Friday, November 28, 2025",Crosshair,The Locomotive Inn,9pm,Hard Rock,https://www.facebook.com/events/23978609321759636/,
"Friday, November 28, 2025",Danny Brab & Friends ,"Pau Café, Trentham Estate",7:30pm,Various,,
"Friday, November 28, 2025",Eddie Lees Back to Back ,The Top Pub Brown Edge,9pm,60s and 70s Rock and Roll ,,
"Friday, November 28, 2025",Henry Myles Music,Moorland Inn,8.30pm,Indie,,
"Friday, November 28, 2025",Oasish ,Eleven Sandyford St6 5pd,£18.00 adv,,,
"Friday, November 28, 2025",The VANZ,"Granvilles, Stone",9.30pm,Bluesy Funky Rock n Pop Classics,,
"Saturday, November 29, 2025",Bone China,"The White Hart Inn, ST10 4DZ",9pm,Covers band,,
"Saturday, November 29, 2025",Circa 81,"The Linley, Alsager",8pm,,,
"Saturday, November 29, 2025",Craig Harrison ,"Dog And Rot Club, Leek ",9.15pm ,Decades Show. 60's through to the Noughties ,,
"Saturday, November 29, 2025",Danny Brab,"Swan & Chequers, Sandbach",9pm,"Indie, Britpop and US alternative ",,
"Saturday, November 29, 2025",Ghost tribute Popestars ,Eleven Sandyford St6 5pd,£12.00 adv,,,
"Saturday, November 29, 2025",Native Way,The Eight Farmers,,,,
"Saturday, November 29, 2025",Rocket Science ,"The Green Star, Smallthorne ",9pm,Rock & indie covers,,
"Saturday, November 29, 2025",Sac N Craic ,Westbury Tavern Clayton,9pm,Folk,,
"Saturday, November 29, 2025",Southbound,Moorland Inn,8.30pm,Country/Alternative,,
"Saturday, November 29, 2025",The Pluckers duo ,"Rose & Crown, Biddulph Moor ",9pm ,Acoustic Pop / Folk ,,
"Saturday, November 29, 2025",Tourniquet ,"The Old Post Office, Burslem",9pm,Rock Covers,,
"Saturday, November 29, 2025",Trilogy Rock Band ,"The Green Star, Smallthorne",9pm,Classic Rock ,,
"Saturday, November 29, 2025",Ultrᛟvᛨoleᛠ,"Rose & Crown, Stockton Brook",9pm,"Pop, Indie, Disco, and Rock hits from the 80's, 90's, and 00's.",,
"Sunday, November 30, 2025",Bejeweled -The Taylor Swift Tribute,"Artisan Tap, Hartshill, Stoke-On-Trent",1:00 PM,,,
"Sunday, November 30, 2025",Chasing Twisters,"Artisan Tap, Hartshill, Stoke-On-Trent",7:30 PM,,,
"Sunday, November 30, 2025",Crosshair,"King's Hall, Stoke",11am,Hard Rock,https://www.facebook.com/events/1078727447781316/?acontext=%7B%22event_action_history%22%3A[%7B%22extra_data%22%3A%22%22%2C%22mechanism%22%3A%22left_rail%22%2C%22surface%22%3A%22bookmark%22%7D%2C%7B%22extra_data%22%3A%22%22%2C%22mechanism%22%3A%22left_rail%22%2C%22surface%22%3A%22bookmark%22%7D%2C%7B%22extra_data%22%3A%22%22%2C%22mechanism%22%3A%22calendar_hosting_events_unit%22%2C%22surface%22%3A%22bookmark_calendar%22%7D]%2C%22ref_notif_type%22%3Anull%7D,
"Sunday, November 30, 2025",Danny Brab,"Hog Noggins, Burslem ",9:30pm,"Indie, Britpop and US alternative scene ",,
"Sunday, November 30, 2025",Dogshark,"The Cosey Club, Haslington",,,,
"Sunday, November 30, 2025",Midnite City / Wildstreet. ,Eleven Sandyford St6 5pd,(doors 2-6pm)   £15.00 adv,,,
1/12/2025,Aa Gig List Form,,,,,
1/12/2025,Aa You Can Add Your Own Gigs By Clicking Gig List Form Above,,,,,
"Tuesday, December 2, 2025",Bad Soul Buskers,The Glebe Stoke,,,,
"Friday, December 5, 2025",The VANZ ROXX,"Swiftys Bar, Meir",9pm,ROCK,,
"Saturday, December 6, 2025",Ant Clowes Duo,"The Shamrock, Macclesfield",10pm,Acoustic Bangers,www.antclowesmusicduo.co.uk,
"Saturday, December 6, 2025",Bone China,"Swan Inn, ST15 8QW",9pm,Covers band,,
"Saturday, December 6, 2025",C&C DUO ,"The Cornerpin, Longton",9pm,"Rock,  Pop & Indie ",,
"Saturday, December 6, 2025",Circa 81,"Redgate, Clayton",8pm,,,
"Saturday, December 6, 2025",Craig Harrison ,Oggy's Bar. Hanley ,9pm,Icons and Anthems show ,,
"Saturday, December 6, 2025",Crosshair,"The Green Star, Smallthorne",9pm,Hard Rock,https://www.facebook.com/events/558551360632620/,
"Saturday, December 6, 2025",Never Sold Owt,"The Shed, Maybank",9pm,"Rock, Pop & Indie covers",,
"Saturday, December 6, 2025",Recall Duo,Cheshire Cheese Hanley,9pm,Rock Pop Motown Country,,
"Saturday, December 6, 2025",Regan Webb,Moorland Inn,8 30pm,Indie,,
"Saturday, December 6, 2025",Tourniquet ,"The Prince Of Wales, Congleton ",9pm,Rock Covers,,
"Saturday, December 6, 2025",Under the Influence ,Old sal saxonfields longton ,9pm,,,
"Sunday, December 7, 2025",Silas Crow,Ye Olde Crown Burslem St6 4aw ,6.30pm,70s 80s Classic Rock & Blues,,
"Tuesday, December 9, 2025",Nixon Tate (band) + Bob M,The Glebe Stoke,,,,
"Friday, December 12, 2025",Alimo,Moorland inn,8.30pm,Indie originals/covers,,
"Friday, December 12, 2025",Circa 81,"The Cornerpin, Longton",8pm,,,
"Friday, December 12, 2025",Danny Brab,"Sixtowns, Wedgwood",7:30pm,"Indie, Britpop and US alternative scene ",,
"Friday, December 12, 2025",Sac n Craic ,Swiftys Meir ,9pm,Folk ,,
"Saturday, December 13, 2025",Bone China,"The Congress Inn, ST3 1HJ",9pm,Covers band,,
"Saturday, December 13, 2025",Circa 81,"The Roebuck, Forsbrook",8pm,,,
"Saturday, December 13, 2025",Craig Harrison ,"The Albert, Bilton Street, Stoke ",8.30pm ,Icons and Anthems show ,,
"Saturday, December 13, 2025",Danny Brab,"Bakers Arms, Cheadle ",7:30pm,"Indie, Britpop and US alternative ",,
"Saturday, December 13, 2025",Danny Brab,"Bakers Arms, Cheadle ",7:30pm,"Indie, Britpop and US alternative scene ",,
"Saturday, December 13, 2025",Double Lively,Moorland Inn,8.30pm,Indie,,
"Saturday, December 13, 2025",Fools' Messiah,"The Old Bulldog, Anchor Rd, Longton.",9pm,Rock covers with a difference!,,
"Saturday, December 13, 2025",Hard Drive,"Checkley Community centre, ST10 4NB ",Doors 8;30,Rock covers ,F/B Checkley Rockz.,
"Saturday, December 13, 2025",Recall Duo,The Kingsway Stokeb,9 pm,Rock Party Pop and Country ,,
"Saturday, December 13, 2025",The VANZ ROXX,The Green Star Smallthorne,9.15pm,ROCK,,
"Tuesday, December 16, 2025",Jaxhill (full band lineup),The Glebe Stoke,,,,
"Thursday, December 18, 2025",The VANZ ROXX,The Swan Inn Stone,9.30pm,ROCK,,
"Friday, December 19, 2025",Crosshair,"The Old Star, Uttoxeter",8pm,Hard Rock,https://www.facebook.com/events/1405418390782426/,
"Friday, December 19, 2025",Danny Brab,"PaU Cafe, Trentham",8pm,"Indie, Britpop and US alternative scene ",,
"Friday, December 19, 2025",Lee Grindey as Elvis,Moorland Inn,8.30pm,Elvis Tribute,,
"Friday, December 19, 2025",The VANZ ROXX,"The Cosey Club, Haslington near Crewe",9.15pm,ROCK,,
"Saturday, December 20, 2025",Catalyst,"The Waggon & Horses, Newcastle",9pm,Covers 60s - 20s including Xmas numbers,Catalyst Facebook page,
"Saturday, December 20, 2025",Circa 81,"The Archer, Wolstanton",8pm,,,
"Saturday, December 20, 2025",Craig Harrison ,Pool Dole in Fenton ,9pm ,Decades Show. 80's through to the Noughties ,,
"Saturday, December 20, 2025",Danny Brab,Moorland Inn,8.30pm,Indie,,
"Saturday, December 20, 2025",Danny Brab,"Moorland Inn, Burslem",8:30pm,"Indie, Britpop and US alternative scene ",,
"Saturday, December 20, 2025",Fools' Messiah,"The Roebuck, Leek",9pm,Rock Covers with a difference!,,
"Saturday, December 20, 2025",John Sewell ,"The Corner Pin, Longton ",8pm,Acoustic Music Through the Eras ,,
"Saturday, December 20, 2025",Raw Talent ,The Broughton ,9pm,Classic Rock ,,
"Saturday, December 20, 2025",Rocket Science ,"Potters Bar, Meir Park ",9pm,Rock Covers ,,
"Saturday, December 20, 2025",Sac n craic ,Beehive penkhull,8-30,Folk,,
"Saturday, December 20, 2025",Ultrᛟvᛨoleᛠ,"The Bush, Brown Edge",9pm,"Pop, Indie, Disco, and Rock hits from the 80's, 90's, and 00's.",,
"Tuesday, December 23, 2025",Barrelhouse Jukes,The Glebe Stoke,,,,
"Wednesday, December 24, 2025",Circa 81,"The Cosey Club, Haslington",8pm,,,
"Wednesday, December 24, 2025",Recall Meatloaf Cher And Rock ,The Roebuck @ ,9pm,"Rock , Meatloaf Cher Tribute ",,
"Wednesday, December 24, 2025",Stepping Lane,Moorland Inn,7.30pm,Indie,,
"Friday, December 26, 2025",Danny Brab,"Catchem’s Corner, Meir",TBC,"Indie, Britpop & US Alternative ",,
"Friday, December 26, 2025",The VANZ ROXX,"The Bush, Brown Edge",6pm,Boxing Day ROCK,,
"Saturday, December 27, 2025",Circa 81,"Goldenhill Club, Goldenhill",8pm,,,
"Sunday, December 28, 2025",Danny Brab,"Shoulder, Fulford",TBC,"Indie, Britpop and US alternative scene ",,
"Sunday, December 28, 2025",Marauder,"The Cosey Club, Haslington",,,,
"Sunday, December 28, 2025",Tumblin’ Dice,"The Cosey Club, Haslington",,,,
"Wednesday, December 31, 2025",Circa 81,"Newcastle Workingmens Club, Newcastle",8pm,,,
"Wednesday, December 31, 2025",Recall Party Duo,The Tavern Denstone,00:00,"Rock ,Meatloaf, Cher , party ",,
"Wednesday, December 31, 2025",Sac n Craic ,Crown And Thistle Kidsgrove ,9pm,Folk,,
"Wednesday, December 31, 2025",Under the Influence ,Green Star Smallthorne ,830pm,Classic rock n blues covers ,,
"Wednesday, December 31, 2025",Vavoom,"The Cosey Club, Haslington",,,,
"Saturday, January 10, 2026",Walters & Bligh,"The Wellington Inn, Stoke",9pm,Acoustic Rock & Pop,https://www.facebook.com/events/1078727447781316/?acontext=%7B%22event_action_history%22%3A[%7B%22extra_data%22%3A%22%22%2C%22mechanism%22%3A%22left_rail%22%2C%22surface%22%3A%22bookmark%22%7D%2C%7B%22extra_data%22%3A%22%22%2C%22mechanism%22%3A%22left_rail%22%2C%22surface%22%3A%22bookmark%22%7D%2C%7B%22extra_data%22%3A%22%22%2C%22mechanism%22%3A%22calendar_hosting_events_unit%22%2C%22surface%22%3A%22bookmark_calendar%22%7D]%2C%22ref_notif_type%22%3Anull%7D,
"Saturday, February 7, 2026",Crosshair,"The Green Star, Smallthorne",9pm,Hard Rock,https://www.facebook.com/events/1078727447781316/?acontext=%7B%22event_action_history%22%3A[%7B%22extra_data%22%3A%22%22%2C%22mechanism%22%3A%22left_rail%22%2C%22surface%22%3A%22bookmark%22%7D%2C%7B%22extra_data%22%3A%22%22%2C%22mechanism%22%3A%22left_rail%22%2C%22surface%22%3A%22bookmark%22%7D%2C%7B%22extra_data%22%3A%22%22%2C%22mechanism%22%3A%22calendar_hosting_events_unit%22%2C%22surface%22%3A%22bookmark_calendar%22%7D]%2C%22ref_notif_type%22%3Anull%7D,
"Friday, March 27, 2026",Rocket Science ,"Catchems Corner, Meir ",9pm,Rock & indie,,
"Friday, May 1, 2026",Walters & Bligh,Stone SP Cricket Club,TBC,Pop and Rock Acoustic,https://www.facebook.com/events/599726262947464/?acontext=%7B%22event_action_history%22%3A[%7B%22extra_data%22%3A%22%22%2C%22mechanism%22%3A%22left_rail%22%2C%22surface%22%3A%22bookmark%22%7D%2C%7B%22extra_data%22%3A%22%22%2C%22mechanism%22%3A%22left_rail%22%2C%22surface%22%3A%22bookmark%22%7D%2C%7B%22extra_data%22%3A%22%22%2C%22mechanism%22%3A%22calendar_hosting_events_unit%22%2C%22surface%22%3A%22bookmark_calendar%22%7D]%2C%22ref_notif_type%22%3Anull%7D,
"Saturday, May 2, 2026",Crosshair,"The Green Star, Smallthorne",9pm,Hard Rock,https://www.facebook.com/events/1078727447781316/?acontext=%7B%22event_action_history%22%3A[%7B%22extra_data%22%3A%22%22%2C%22mechanism%22%3A%22left_rail%22%2C%22surface%22%3A%22bookmark%22%7D%2C%7B%22extra_data%22%3A%22%22%2C%22mechanism%22%3A%22left_rail%22%2C%22surface%22%3A%22bookmark%22%7D%2C%7B%22extra_data%22%3A%22%22%2C%22mechanism%22%3A%22calendar_hosting_events_unit%22%2C%22surface%22%3A%22bookmark_calendar%22%7D]%2C%22ref_notif_type%22%3Anull%7D,
"Friday, June 5, 2026",Crosshair,Stone SP Cricket Club,TBC,Hard Rock,https://www.facebook.com/events/1103132618333523/,
"Monday, August 17, 2026",Razed on radio,Ye olde crown,,,,
"Saturday, August 22, 2026",Crosshair,"The Green Star, Smallthorne",9pm,Hard Rock,https://www.facebook.com/events/1078727447781316/?acontext=%7B%22event_action_history%22%3A[%7B%22extra_data%22%3A%22%22%2C%22mechanism%22%3A%22left_rail%22%2C%22surface%22%3A%22bookmark%22%7D%2C%7B%22extra_data%22%3A%22%22%2C%22mechanism%22%3A%22left_rail%22%2C%22surface%22%3A%22bookmark%22%7D%2C%7B%22extra_data%22%3A%22%22%2C%22mechanism%22%3A%22calendar_hosting_events_unit%22%2C%22surface%22%3A%22bookmark_calendar%22%7D]%2C%22ref_notif_type%22%3Anull%7D,
"Saturday, December 19, 2026",Crosshair,"The Green Star, Smallthorne",9pm,Hard Rock,https://www.facebook.com/events/1078727447781316/?acontext=%7B%22event_action_history%22%3A[%7B%22extra_data%22%3A%22%22%2C%22mechanism%22%3A%22left_rail%22%2C%22surface%22%3A%22bookmark%22%7D%2C%7B%22extra_data%22%3A%22%22%2C%22mechanism%22%3A%22left_rail%22%2C%22surface%22%3A%22bookmark%22%7D%2C%7B%22extra_data%22%3A%22%22%2C%22mechanism%22%3A%22calendar_hosting_events_unit%22%2C%22surface%22%3A%22bookmark_calendar%22%7D]%2C%22ref_notif_type%22%3Anull%7D,
,,,,,,
,,,,,,
,,,,,,
,,,,,,
,,,,,,
,,,,,,
,,,,,,
,,,,,,
,,,,,,
,,,,,,
,,,,,,
,,,,,,
,,,,,,
,,,,,,
,,,,,,
,,,,,,
,,,,,,
,,,,,,
,,,,,,
,,,,,,
,,,,,,
,,,,,,
,,,,,,
,,,,,,
,,,,,,
,,,,,,
,,,,,,
,,,,,,
,,,,,,
,,,,,,
,,,,,,
,,,,,,
,,,,,,
,,,,,,
,,,,,,
,,,,,,
,,,,,,
,,,,,,
,,,,,,
,,,,,,
,,,,,,
,,,,,,
,,,,,,
,,,,,,
,,,,,,
,,,,,,
,,,,,,
,,,,,,
,,,,,,
,,,,,,
,,,,,,
,,,,,,
,,,,,,
,,,,,,
,,,,,,
,,,,,,
,,,,,,
,,,,,,
,,,,,,
,,,,,,
,,,,,,
,,,,,,
,,,,,,
,,,,,,
,,,,,,
,,,,,,
,,,,,,
,,,,,,
,,,,,,
,,,,,,
,,,,,,
,,,,,,
,,,,,,
,,,,,,
,,,,,,
,,,,,,
,,,,,,
,,,,,,
,,,,,,
,,,,,,
,,,,,,
,,,,,,
,,,,,,
,,,,,,
,,,,,,
,,,,,,
,,,,,,
,,,,,,
,,,,,,
,,,,,,
,,,,,,
,,,,,,
,,,,,,
,,,,,,
,,,,,,
,,,,,,
,,,,,,
,,,,,,
,,,,,,
,,,,,,
,,,,,,
,,,,,,
,,,,,,
,,,,,,
,,,,,,
,,,,,,
,,,,,,
,,,,,,
,,,,,,
,,,,,,
,,,,,,
,,,,,,
,,,,,,
,,,,,,
,,,,,,
,,,,,,
,,,,,,
,,,,,,
,,,,,,
,,,,,,
,,,,,,
,,,,,,
,,,,,,
,,,,,,
,,,,,,
,,,,,,
,,,,,,
,,,,,,
,,,,,,
,,,,,,
,,,,,,
,,,,,,
,,,,,,
,,,,,,
,,,,,,
,,,,,,
,,,,,,
,,,,,,
,,,,,,
,,,,,,
,,,,,,
,,,,,,
,,,,,,
,,,,,,
,,,,,,
,,,,,,
,,,,,,
,,,,,,
,,,,,,
,,,,,,
,,,,,,
,,,,,,
,,,,,,
,,,,,,
,,,,,,
,,,,,,
,,,,,,
,,,,,,
,,,,,,
,,,,,,
,,,,,,
,,,,,,
,,,,,,
,,,,,,
,,,,,,
,,,,,,
,,,,,,
,,,,,,
,,,,,,
,,,,,,
,,,,,,
,,,,,,
,,,,,,
,,,,,,
,,,,,,
,,,,,,
,,,,,,
,,,,,,
,,,,,,
,,,,,,
,,,,,,
,,,,,,
,,,,,,
,,,,,,
,,,,,,
,,,,,,
,,,,,,
,,,,,,
,,,,,,
,,,,,,
,,,,,,
,,,,,,
,,,,,,
,,,,,,
,,,,,,
,,,,,,
,,,,,,
,,,,,,
,,,,,,
,,,,,,
,,,,,,
,,,,,,
,,,,,,
,,,,,,
,,,,,,
,,,,,,
,,,,,,
,,,,,,
,,,,,,
,,,,,,
,,,,,,
,,,,,,
,,,,,,
,,,,,,
,,,,,,
,,,,,,
,,,,,,
,,,,,,
,,,,,,
,,,,,,
,,,,,,
,,,,,,
,,,,,,
,,,,,,
,,,,,,
,,,,,,
,,,,,,
,,,,,,
,,,,,,
,,,,,,
,,,,,,
,,,,,,
,,,,,,
,,,,,,
,,,,,,
,,,,,,
,,,,,,
,,,,,,
,,,,,,
,,,,,,
,,,,,,
,,,,,,
,,,,,,
,,,,,,
,,,,,,
,,,,,,
,,,,,,
,,,,,,
,,,,,,
,,,,,,
,,,,,,
,,,,,,
,,,,,,
,,,,,,
,,,,,,
,,,,,,
,,,,,,
,,,,,,
,,,,,,
,,,,,,
,,,,,,
,,,,,,
,,,,,,
,,,,,,
,,,,,,
,,,,,,
,,,,,,
,,,,,,
,,,,,,
,,,,,,
,,,,,,
,,,,,,
,,,,,,
,,,,,,
,,,,,,
,,,,,,
,,,,,,
,,,,,,
,,,,,,
,,,,,,
,,,,,,
,,,,,,
,,,,,,
,,,,,,
,,,,,,
,,,,,,
,,,,,,
,,,,,,
,,,,,,
,,,,,,
,,,,,,
,,,,,,
,,,,,,
,,,,,,
,,,,,,
,,,,,,
,,,,,,
,,,,,,
,,,,,,
,,,,,,
,,,,,,
,,,,,,
,,,,,,
,,,,,,
,,,,,,
,,,,,,
,,,,,,
,,,,,,
,,,,,,
,,,,,,
,,,,,,
,,,,,,
,,,,,,
,,,,,,
,,,,,,
,,,,,,
,,,,,,
,,,,,,
,,,,,,
,,,,,,
,,,,,,
,,,,,,
,,,,,,
,,,,,,
,,,,,,
,,,,,,
,,,,,,
,,,,,,
,,,,,,
,,,,,,
,,,,,,
,,,,,,
,,,,,,
,,,,,,
,,,,,,
,,,,,,
,,,,,,
,,,,,,
,,,,,,
,,,,,,
,,,,,,
,,,,,,
,,,,,,
,,,,,,
,,,,,,
,,,,,,
,,,,,,
,,,,,,
,,,,,,
,,,,,,
,,,,,,
,,,,,,
,,,,,,
,,,,,,
,,,,,,
,,,,,,
,,,,,,
,,,,,,
,,,,,,
,,,,,,
,,,,,,
,,,,,,
,,,,,,
,,,,,,
,,,,,,
,,,,,,
,,,,,,
,,,,,,
,,,,,,
,,,,,,
,,,,,,
,,,,,,
,,,,,,
,,,,,,
,,,,,,
,,,,,,
,,,,,,
,,,,,,
,,,,,,
,,,,,,
,,,,,,
,,,,,,
,,,,,,
,,,,,,
,,,,,,
,,,,,,
,,,,,,
,,,,,,
,,,,,,
,,,,,,
,,,,,,
,,,,,,
,,,,,,
,,,,,,
,,,,,,
,,,,,,
,,,,,,
,,,,,,
,,,,,,
,,,,,,
,,,,,,
,,,,,,
,,,,,,
,,,,,,
,,,,,,
,,,,,,
,,,,,,
,,,,,,
,,,,,,
,,,,,,
,,,,,,
,,,,,,
,,,,,,
,,,,,,
,,,,,,
,,,,,,
,,,,,,
,,,,,,
,,,,,,
,,,,,,
,,,,,,
,,,,,,
,,,,,,
,,,,,,
,,,,,,
,,,,,,
,,,,,,
,,,,,,
,,,,,,
,,,,,,
,,,,,,
,,,,,,
,,,,,,
,,,,,,
,,,,,,
,,,,,,
,,,,,,
,,,,,,
,,,,,,
,,,,,,
,,,,,,
,,,,,,
,,,,,,
,,,,,,
,,,,,,
,,,,,,
,,,,,,
,,,,,,
,,,,,,
,,,,,,
,,,,,,
,,,,,,
,,,,,,
,,,,,,
,,,,,,
,,,,,,
,,,,,,
,,,,,,
,,,,,,
,,,,,,
,,,,,,
,,,,,,
,,,,,,
,,,,,,
,,,,,,
,,,,,,
,,,,,,
,,,,,,
,,,,,,
,,,,,,
,,,,,,
,,,,,,
,,,,,,
,,,,,,
,,,,,,
,,,,,,
,,,,,,
,,,,,,
,,,,,,
,,,,,,
,,,,,,
,,,,,,
,,,,,,
,,,,,,
,,,,,,
,,,,,,
,,,,,,
,,,,,,
,,,,,,
,,,,,,
,,,,,,
,,,,,,
,,,,,,
,,,,,,
,,,,,,
,,,,,,
,,,,,,
,,,,,,
,,,,,,
,,,,,,
,,,,,,
,,,,,,
,,,,,,
,,,,,,
,,,,,,
,,,,,,
,,,,,,
,,,,,,
,,,,,,
,,,,,,
,,,,,,
,,,,,,
,,,,,,
,,,,,,
,,,,,,
,,,,,,
,,,,,,
,,,,,,
,,,,,,
,,,,,,
,,,,,,
,,,,,,
,,,,,,
,,,,,,
,,,,,,
,,,,,,
,,,,,,
,,,,,,
,,,,,,
,,,,,,
,,,,,,
,,,,,,
,,,,,,
,,,,,,
,,,,,,
,,,,,,
,,,,,,
,,,,,,
,,,,,,
,,,,,,
,,,,,,
,,,,,,
,,,,,,
,,,,,,
,,,,,,
,,,,,,
,,,,,,
,,,,,,
,,,,,,
,,,,,,
,,,,,,
,,,,,,
,,,,,,
,,,,,,
,,,,,,
,,,,,,
,,,,,,
,,,,,,
,,,,,,
,,,,,,
,,,,,,
,,,,,,
,,,,,,
,,,,,,
,,,,,,
,,,,,,
,,,,,,
,,,,,,
,,,,,,
,,,,,,
,,,,,,
,,,,,,
,,,,,,
,,,,,,
,,,,,,
,,,,,,
,,,,,,
,,,,,,
,,,,,,
,,,,,,
,,,,,,
,,,,,,
,,,,,,
,,,,,,
,,,,,,
,,,,,,
,,,,,,
,,,,,,
,,,,,,
,,,,,,
,,,,,,
,,,,,,
,,,,,,
,,,,,,
,,,,,,
,,,,,,
,,,,,,
,,,,,,
,,,,,,
,,,,,,
,,,,,,
,,,,,,
,,,,,,
,,,,,,
,,,,,,
,,,,,,
,,,,,,
,,,,,,
,,,,,,
,,,,,,
,,,,,,
,,,,,,
,,,,,,
,,,,,,
,,,,,,
,,,,,,
,,,,,,
,,,,,,
,,,,,,
,,,,,,
,,,,,,
,,,,,,
,,,,,,
,,,,,,
,,,,,,
,,,,,,
,,,,,,
,,,,,,
,,,,,,
,,,,,,
,,,,,,
,,,,,,
,,,,,,
,,,,,,
,,,,,,
,,,,,,
,,,,,,
,,,,,,
,,,,,,
,,,,,,
,,,,,,
,,,,,,
,,,,,,
,,,,,,
,,,,,,
,,,,,,
,,,,,,
,,,,,,
,,,,,,
,,,,,,
,,,,,,
,,,,,,
,,,,,,
,,,,,,
,,,,,,
,,,,,,
,,,,,,
,,,,,,
,,,,,,
,,,,,,
,,,,,,
,,,,,,
,,,,,,
,,,,,,
,,,,,,
,,,,,,
,,,,,,
,,,,,,
,,,,,,
,,,,,,
,,,,,,
,,,,,,
,,,,,,
,,,,,,
,,,,,,
,,,,,,
,,,,,,
,,,,,,
,,,,,,
,,,,,,
,,,,,,
,,,,,,
,,,,,,
,,,,,,
,,,,,,
,,,,,,
,,,,,,
